level,accuracy,precision,recall,f1,micro_accuracy,micro_precision,micro_recall,micro_f1,theilU,coverage,vocabulary_coverage,optimal_confidence_threshold
0,0.75,0.5,0.8,0.5,0.5833333333333334,0.16666666666666666,0.6666666666666666,0.16666666666666666,1.0,0.8333333333333334,1.0,0.4
1,0.75,0.75,0.8,0.7727272727272727,0.5833333333333334,0.5833333333333334,0.6666666666666666,0.6212121212121212,1.0,0.8333333333333334,1.0,0.4
2,0.6,0.6,0.6666666666666666,0.631578947368421,0.6,0.6,0.6666666666666666,0.631578947368421,,0.8333333333333334,1.0,0.11200000000000002
