level,accuracy,precision,recall,f1,micro_accuracy,micro_precision,micro_recall,micro_f1,theilU,coverage,vocabulary_coverage,optimal_confidence_threshold,macro_optimal_confidence_threshold
0,0.5,0.5,0.5,0.5,0.16666666666666666,0.16666666666666666,0.16666666666666666,0.16666666666666666,1.0,0.3333333333333333,1.0,0.9991156500000001,0.99911565
1,1.0,1.0,0.7,0.7857142857142857,1.0,1.0,0.5,0.6428571428571428,1.0,0.5,1.0,0.6532703208333334,0.7916084525
2,0.75,0.75,0.5,0.6000000000000001,0.75,0.75,0.5,0.6000000000000001,,0.6666666666666666,1.0,0.999036225,0.999036225
