level,accuracy,precision,recall,f1,micro_accuracy,micro_precision,micro_recall,micro_f1,theilU,coverage,vocabulary_coverage,optimal_confidence_threshold
0,0.5,0.5,0.5,0.5,0.16666666666666666,0.16666666666666666,0.16666666666666666,0.16666666666666666,1.0,0.3333333333333333,1.0,0.4
1,1.0,1.0,0.7,0.7857142857142857,1.0,1.0,0.5,0.6428571428571428,1.0,0.5,1.0,0.4
2,0.75,0.75,0.5,0.6000000000000001,0.75,0.75,0.5,0.6000000000000001,,0.6666666666666666,1.0,0.11200000000000002
