level,accuracy,precision,recall,f1,micro_accuracy,micro_precision,micro_recall,micro_f1,theilU,coverage,vocabulary_coverage,optimal_confidence_threshold,macro_optimal_confidence_threshold
0,0.75,0.5,0.8,0.5,0.5833333333333334,0.16666666666666666,0.6666666666666666,0.16666666666666666,1.0,0.8333333333333334,1.0,0.9991156500000001,0.99911565
1,0.75,0.75,0.8,0.7727272727272727,0.5833333333333334,0.5833333333333334,0.6666666666666666,0.6212121212121212,1.0,0.8333333333333334,1.0,0.6532703208333334,0.7916084525
2,0.6,0.6,0.6666666666666666,0.631578947368421,0.6,0.6,0.6666666666666666,0.631578947368421,,0.8333333333333334,1.0,0.999036225,0.999036225
