level,accuracy,precision,recall,f1,micro_accuracy,micro_precision,micro_recall,micro_f1,theilU,coverage,vocabulary_coverage,optimal_confidence_threshold
0,0.6179149430475831,0.6404002183471987,0.6179149430475831,0.6018547233699498,0.6631578947368421,0.6559283563062958,0.6631578947368421,0.634318946060767,0.8434837352143587,1.0,1.0,0.16
